Location,Modern Indian,North Indian,Chinese,Momos,Biryani,Continental,American,Fast Food,Mexican,Desserts,European,Asian,Italian,Finger Food,Pizza,Beverages,Thai,Cafe,Healthy Food,Seafood,Bakery,Burger,Singaporean,Indonesian,Japanese,Mughlai,Kebab,Rolls,Salad,Juices,Ice Cream,Sandwich,German,South Indian,Bohri,Bar Food,Coffee,Indian,Street Food,Mithai,Mangalorean,Brazilian,Peruvian,South American,Tea,Lebanese,Malwani,Tibetan,Mediterranean,Turkish,Sushi,Maharashtrian,French,Wraps,BBQ,Burmese,Konkan,Awadhi,Korean,Roast Chicken,Panini,Cafe Food,Hyderabadi,Lucknowi,Goan,Malaysian,Kerala,Spanish,Arabian,Parsi,Iranian,Asian Fusion,Sindhi,Chettinad,Andhra,Gujarati,Middle Eastern,Cantonese,Rajasthani,Bubble Tea,Pakistani,Bengali,Kashmiri,Steak,Vietnamese,British,Tex-Mex,Greek,Afghan,Assamese,Bihari,Pub Food,Deli,Fusion,Grill,Nepalese,Vegan,Oriental,Charcoal Chicken,North Eastern,Mishti,Sri Lankan,Vegetarian,Paan,Coffee and Tea,Frozen Yogurt,Fried Chicken,Mongolian,Tamil,Israeli,Cuisine Varies,Armenian,Belgian,Oriya,Raw Meats
Bandra,6.0,111,108,2.0,18.0,23.0,12.0,70,10.0,66.0,14.0,20.0,30.0,2.0,15.0,31.0,13.0,24.0,27.0,24.0,46.0,10.0,1.0,1.0,9.0,35.0,7.0,8.0,12.0,10.0,11.0,5.0,2.0,21.0,2.0,1.0,1.0,5.0,15.0,4.0,3.0,1.0,1.0,2.0,2.0,8.0,8.0,3.0,3.0,1.0,7.0,2.0,3.0,2.0,2.0,1.0,2.0,1.0,2.0,1.0,1.0,1.0,1.0,2.0,3.0,2.0,1.0,1.0,1.0,0.0,0.0,0.0,0.0,0.0,0.0,0.0,0.0,0.0,0.0,0.0,0.0,0.0,0.0,0.0,0.0,0.0,0.0,0.0,0.0,0.0,0.0,0.0,0.0,0.0,0.0,0.0,0.0,0.0,0.0,0.0,0.0,0.0,0.0,0.0,0.0,0.0,0.0,0.0,0.0,0.0,0.0,0.0,0.0,0.0,0.0
Juhu,1.0,43,43,0.0,5.0,13.0,6.0,23,6.0,22.0,2.0,6.0,11.0,1.0,3.0,6.0,5.0,10.0,5.0,12.0,7.0,3.0,0.0,0.0,3.0,14.0,5.0,6.0,4.0,1.0,2.0,1.0,0.0,5.0,0.0,0.0,1.0,3.0,6.0,2.0,1.0,0.0,0.0,0.0,1.0,4.0,0.0,0.0,1.0,1.0,2.0,0.0,1.0,0.0,1.0,1.0,0.0,1.0,0.0,0.0,0.0,0.0,0.0,1.0,1.0,1.0,0.0,0.0,1.0,0.0,0.0,0.0,1.0,0.0,0.0,1.0,1.0,1.0,0.0,0.0,0.0,0.0,0.0,0.0,0.0,0.0,0.0,0.0,0.0,0.0,0.0,0.0,0.0,0.0,0.0,0.0,0.0,0.0,0.0,0.0,0.0,0.0,0.0,0.0,0.0,0.0,0.0,0.0,0.0,0.0,0.0,0.0,0.0,0.0,0.0
BKC,1.0,9,5,0.0,3.0,8.0,4.0,8,3.0,3.0,4.0,2.0,4.0,1.0,2.0,6.0,1.0,1.0,2.0,1.0,1.0,4.0,0.0,0.0,1.0,1.0,1.0,1.0,3.0,2.0,0.0,2.0,0.0,4.0,0.0,0.0,1.0,1.0,1.0,0.0,0.0,1.0,0.0,1.0,0.0,0.0,0.0,0.0,1.0,0.0,1.0,1.0,0.0,1.0,0.0,0.0,0.0,0.0,0.0,0.0,0.0,0.0,0.0,1.0,0.0,0.0,0.0,1.0,0.0,1.0,0.0,0.0,0.0,0.0,0.0,1.0,0.0,0.0,1.0,2.0,1.0,1.0,1.0,1.0,0.0,0.0,0.0,0.0,0.0,0.0,0.0,0.0,0.0,0.0,0.0,0.0,0.0,0.0,0.0,0.0,0.0,0.0,0.0,0.0,0.0,0.0,0.0,0.0,0.0,0.0,0.0,0.0,0.0,0.0,0.0
Parel,4.0,103,85,4.0,4.0,11.0,8.0,74,9.0,44.0,5.0,14.0,29.0,0.0,12.0,25.0,10.0,7.0,7.0,29.0,24.0,7.0,0.0,0.0,3.0,13.0,0.0,4.0,7.0,2.0,4.0,6.0,0.0,29.0,0.0,0.0,1.0,1.0,17.0,2.0,0.0,0.0,0.0,0.0,2.0,4.0,13.0,0.0,0.0,0.0,2.0,7.0,0.0,0.0,1.0,3.0,4.0,0.0,1.0,0.0,1.0,0.0,0.0,1.0,1.0,1.0,0.0,0.0,1.0,0.0,0.0,0.0,2.0,0.0,0.0,2.0,0.0,0.0,3.0,0.0,0.0,1.0,0.0,0.0,2.0,1.0,1.0,0.0,0.0,0.0,0.0,0.0,0.0,0.0,0.0,0.0,0.0,0.0,0.0,0.0,0.0,0.0,0.0,0.0,0.0,0.0,0.0,0.0,0.0,0.0,0.0,0.0,0.0,0.0,0.0
Khar,1.0,54,55,5.0,12.0,14.0,5.0,35,2.0,26.0,7.0,9.0,11.0,2.0,10.0,12.0,10.0,5.0,9.0,15.0,9.0,9.0,0.0,0.0,3.0,11.0,7.0,13.0,1.0,3.0,2.0,6.0,0.0,12.0,0.0,0.0,0.0,4.0,10.0,3.0,1.0,0.0,0.0,0.0,0.0,2.0,2.0,0.0,3.0,0.0,0.0,0.0,2.0,1.0,0.0,0.0,0.0,1.0,0.0,0.0,0.0,0.0,0.0,2.0,2.0,1.0,1.0,0.0,1.0,0.0,0.0,0.0,2.0,0.0,1.0,0.0,0.0,0.0,0.0,0.0,0.0,0.0,1.0,0.0,1.0,0.0,0.0,0.0,0.0,0.0,0.0,0.0,0.0,0.0,0.0,0.0,1.0,1.0,0.0,0.0,0.0,0.0,0.0,0.0,0.0,0.0,0.0,0.0,0.0,0.0,0.0,0.0,0.0,0.0,0.0
Powai,1.0,117,96,6.0,24.0,12.0,6.0,53,5.0,20.0,2.0,11.0,15.0,3.0,8.0,16.0,11.0,5.0,9.0,17.0,13.0,6.0,1.0,0.0,2.0,26.0,7.0,11.0,7.0,3.0,2.0,4.0,0.0,18.0,1.0,1.0,0.0,2.0,19.0,5.0,0.0,0.0,0.0,0.0,2.0,5.0,4.0,0.0,2.0,1.0,1.0,4.0,1.0,3.0,2.0,1.0,1.0,1.0,1.0,0.0,0.0,0.0,1.0,2.0,3.0,0.0,0.0,0.0,2.0,1.0,0.0,0.0,0.0,0.0,0.0,0.0,0.0,0.0,1.0,0.0,0.0,7.0,0.0,2.0,1.0,0.0,1.0,1.0,0.0,0.0,0.0,0.0,0.0,1.0,1.0,0.0,0.0,0.0,0.0,0.0,1.0,0.0,0.0,0.0,0.0,0.0,0.0,0.0,0.0,0.0,0.0,0.0,0.0,0.0,0.0
Chembur,1.0,152,156,3.0,14.0,15.0,2.0,55,5.0,18.0,3.0,5.0,19.0,1.0,5.0,19.0,8.0,11.0,4.0,36.0,21.0,4.0,0.0,0.0,0.0,36.0,7.0,5.0,4.0,2.0,4.0,5.0,0.0,30.0,0.0,1.0,1.0,2.0,16.0,2.0,2.0,0.0,0.0,0.0,4.0,3.0,10.0,0.0,2.0,0.0,0.0,3.0,0.0,1.0,1.0,0.0,0.0,0.0,0.0,1.0,0.0,0.0,1.0,0.0,0.0,0.0,2.0,0.0,1.0,1.0,0.0,0.0,1.0,0.0,0.0,1.0,0.0,0.0,0.0,0.0,0.0,0.0,0.0,0.0,0.0,0.0,0.0,0.0,0.0,0.0,0.0,0.0,0.0,0.0,0.0,0.0,0.0,0.0,0.0,1.0,0.0,0.0,0.0,0.0,0.0,0.0,0.0,0.0,0.0,0.0,0.0,0.0,0.0,0.0,0.0
Borivali,1.0,132,133,3.0,19.0,31.0,3.0,115,11.0,34.0,2.0,6.0,30.0,0.0,27.0,26.0,8.0,14.0,2.0,22.0,23.0,8.0,0.0,0.0,1.0,10.0,4.0,2.0,2.0,3.0,9.0,15.0,0.0,46.0,0.0,1.0,0.0,3.0,24.0,11.0,0.0,0.0,0.0,0.0,3.0,4.0,13.0,0.0,2.0,0.0,0.0,9.0,0.0,1.0,1.0,1.0,4.0,0.0,1.0,0.0,0.0,0.0,1.0,0.0,2.0,0.0,0.0,0.0,2.0,1.0,0.0,0.0,0.0,0.0,0.0,6.0,0.0,0.0,3.0,0.0,0.0,0.0,0.0,1.0,0.0,0.0,0.0,0.0,0.0,0.0,0.0,0.0,0.0,0.0,0.0,0.0,0.0,0.0,0.0,0.0,0.0,0.0,1.0,1.0,0.0,0.0,0.0,0.0,0.0,0.0,0.0,0.0,0.0,0.0,0.0
Thane,3.0,378,355,19.0,39.0,41.0,15.0,167,21.0,55.0,2.0,6.0,42.0,4.0,22.0,54.0,18.0,22.0,10.0,76.0,34.0,14.0,0.0,0.0,0.0,51.0,16.0,8.0,5.0,11.0,18.0,11.0,0.0,91.0,0.0,1.0,2.0,12.0,46.0,5.0,8.0,0.0,0.0,0.0,2.0,7.0,46.0,1.0,3.0,1.0,0.0,47.0,0.0,1.0,5.0,0.0,11.0,1.0,1.0,0.0,0.0,1.0,2.0,1.0,6.0,0.0,2.0,1.0,2.0,0.0,0.0,0.0,3.0,0.0,0.0,2.0,1.0,0.0,2.0,0.0,0.0,4.0,0.0,0.0,0.0,0.0,0.0,1.0,1.0,0.0,0.0,0.0,0.0,0.0,0.0,0.0,0.0,0.0,1.0,0.0,0.0,0.0,0.0,0.0,0.0,1.0,1.0,1.0,0.0,0.0,0.0,0.0,0.0,0.0,0.0
Kandivali,1.0,155,149,2.0,15.0,22.0,3.0,124,9.0,47.0,0.0,3.0,25.0,1.0,24.0,32.0,4.0,10.0,5.0,21.0,26.0,16.0,0.0,0.0,0.0,24.0,3.0,2.0,5.0,3.0,17.0,15.0,0.0,52.0,0.0,0.0,2.0,4.0,34.0,7.0,0.0,0.0,0.0,0.0,4.0,4.0,10.0,0.0,0.0,0.0,0.0,12.0,0.0,1.0,2.0,0.0,1.0,0.0,0.0,0.0,0.0,0.0,0.0,0.0,1.0,0.0,0.0,0.0,1.0,0.0,0.0,0.0,1.0,0.0,1.0,5.0,0.0,0.0,1.0,0.0,0.0,4.0,0.0,0.0,0.0,0.0,0.0,0.0,0.0,0.0,0.0,0.0,0.0,0.0,0.0,0.0,0.0,0.0,0.0,0.0,0.0,0.0,0.0,1.0,0.0,0.0,0.0,0.0,1.0,0.0,0.0,0.0,0.0,0.0,0.0
Vashi,1.0,127,117,0.0,20.0,19.0,3.0,43,4.0,11.0,1.0,6.0,16.0,3.0,5.0,13.0,4.0,7.0,3.0,21.0,5.0,3.0,0.0,0.0,0.0,28.0,3.0,3.0,3.0,7.0,5.0,2.0,0.0,24.0,0.0,0.0,1.0,0.0,13.0,5.0,1.0,0.0,0.0,0.0,0.0,2.0,4.0,0.0,0.0,0.0,0.0,7.0,0.0,0.0,3.0,0.0,1.0,0.0,0.0,1.0,0.0,0.0,2.0,1.0,3.0,0.0,1.0,0.0,0.0,0.0,0.0,0.0,0.0,0.0,0.0,1.0,0.0,0.0,0.0,0.0,0.0,1.0,0.0,0.0,0.0,0.0,0.0,0.0,1.0,1.0,0.0,0.0,0.0,0.0,0.0,0.0,0.0,0.0,1.0,0.0,0.0,0.0,0.0,0.0,0.0,0.0,0.0,0.0,0.0,0.0,0.0,0.0,0.0,0.0,0.0
Worli,1.0,41,41,0.0,8.0,6.0,1.0,22,1.0,6.0,1.0,1.0,2.0,1.0,2.0,11.0,2.0,1.0,1.0,12.0,9.0,2.0,0.0,0.0,1.0,11.0,1.0,2.0,1.0,0.0,1.0,1.0,0.0,15.0,0.0,0.0,0.0,0.0,6.0,1.0,1.0,0.0,0.0,0.0,0.0,0.0,3.0,0.0,1.0,0.0,0.0,1.0,1.0,0.0,0.0,0.0,0.0,0.0,1.0,0.0,0.0,0.0,0.0,1.0,0.0,0.0,0.0,0.0,0.0,0.0,0.0,0.0,0.0,0.0,0.0,0.0,0.0,0.0,1.0,0.0,0.0,1.0,0.0,0.0,0.0,0.0,0.0,0.0,0.0,0.0,0.0,0.0,0.0,0.0,0.0,0.0,0.0,0.0,0.0,0.0,0.0,0.0,0.0,0.0,0.0,0.0,0.0,0.0,0.0,0.0,0.0,0.0,0.0,0.0,0.0
Dombivli,1.0,244,238,4.0,40.0,12.0,1.0,99,5.0,29.0,1.0,3.0,18.0,1.0,15.0,26.0,7.0,14.0,1.0,59.0,28.0,10.0,0.0,0.0,1.0,50.0,4.0,8.0,0.0,1.0,7.0,3.0,0.0,48.0,0.0,1.0,1.0,5.0,25.0,4.0,0.0,0.0,0.0,0.0,0.0,2.0,12.0,0.0,0.0,0.0,0.0,23.0,0.0,1.0,1.0,0.0,1.0,0.0,1.0,0.0,0.0,0.0,0.0,0.0,2.0,0.0,0.0,0.0,0.0,0.0,0.0,0.0,0.0,1.0,0.0,0.0,0.0,0.0,4.0,0.0,0.0,9.0,0.0,0.0,0.0,0.0,0.0,0.0,1.0,0.0,0.0,0.0,0.0,0.0,0.0,0.0,0.0,0.0,0.0,0.0,0.0,0.0,0.0,1.0,0.0,0.0,0.0,1.0,0.0,0.0,0.0,0.0,0.0,1.0,0.0
Dahisar,1.0,65,75,2.0,9.0,8.0,0.0,31,3.0,11.0,0.0,3.0,4.0,0.0,2.0,5.0,3.0,0.0,3.0,14.0,10.0,0.0,0.0,0.0,0.0,8.0,2.0,2.0,4.0,1.0,3.0,3.0,0.0,14.0,0.0,0.0,0.0,2.0,10.0,3.0,1.0,0.0,0.0,0.0,0.0,2.0,6.0,0.0,1.0,0.0,0.0,2.0,0.0,2.0,0.0,0.0,2.0,0.0,0.0,0.0,0.0,0.0,0.0,0.0,0.0,0.0,0.0,0.0,0.0,0.0,0.0,0.0,0.0,0.0,0.0,1.0,0.0,0.0,1.0,0.0,0.0,0.0,0.0,0.0,0.0,0.0,0.0,0.0,0.0,0.0,0.0,0.0,0.0,0.0,0.0,0.0,0.0,0.0,0.0,0.0,0.0,0.0,0.0,0.0,0.0,0.0,0.0,0.0,0.0,0.0,0.0,0.0,0.0,0.0,0.0
Mahim,0.0,30,37,0.0,2.0,2.0,0.0,21,2.0,10.0,0.0,4.0,3.0,0.0,1.0,6.0,6.0,2.0,2.0,12.0,8.0,3.0,0.0,0.0,1.0,11.0,1.0,1.0,0.0,1.0,3.0,0.0,0.0,13.0,0.0,0.0,0.0,0.0,6.0,3.0,0.0,0.0,0.0,0.0,0.0,0.0,5.0,0.0,0.0,0.0,1.0,5.0,0.0,1.0,0.0,1.0,2.0,0.0,0.0,0.0,0.0,0.0,1.0,0.0,4.0,1.0,1.0,0.0,0.0,2.0,1.0,1.0,1.0,1.0,1.0,0.0,0.0,0.0,0.0,0.0,0.0,0.0,0.0,0.0,0.0,0.0,0.0,0.0,0.0,0.0,0.0,0.0,0.0,0.0,0.0,0.0,0.0,0.0,0.0,0.0,0.0,0.0,0.0,0.0,0.0,0.0,0.0,0.0,0.0,0.0,0.0,0.0,0.0,0.0,0.0
Andheri,0.0,276,251,11.0,48.0,64.0,21.0,148,20.0,78.0,7.0,12.0,56.0,4.0,27.0,68.0,24.0,31.0,39.0,40.0,49.0,26.0,0.0,0.0,2.0,69.0,18.0,37.0,30.0,16.0,18.0,24.0,0.0,53.0,0.0,1.0,3.0,3.0,24.0,10.0,3.0,0.0,0.0,0.0,3.0,15.0,6.0,2.0,10.0,0.0,0.0,2.0,1.0,1.0,4.0,2.0,3.0,3.0,3.0,0.0,0.0,0.0,2.0,2.0,4.0,1.0,1.0,1.0,0.0,3.0,0.0,0.0,2.0,0.0,0.0,1.0,4.0,0.0,0.0,0.0,0.0,8.0,2.0,0.0,1.0,0.0,0.0,1.0,2.0,1.0,4.0,1.0,1.0,1.0,1.0,1.0,0.0,0.0,0.0,0.0,0.0,0.0,0.0,0.0,0.0,0.0,0.0,0.0,0.0,0.0,0.0,0.0,0.0,0.0,0.0
Dadar,0.0,96,81,1.0,5.0,8.0,2.0,51,2.0,17.0,1.0,3.0,8.0,2.0,1.0,22.0,6.0,3.0,2.0,30.0,7.0,0.0,0.0,0.0,0.0,13.0,2.0,0.0,1.0,2.0,4.0,3.0,0.0,38.0,0.0,0.0,0.0,2.0,18.0,3.0,1.0,0.0,0.0,0.0,0.0,0.0,12.0,0.0,1.0,0.0,0.0,11.0,0.0,0.0,0.0,0.0,0.0,0.0,0.0,0.0,0.0,0.0,0.0,0.0,2.0,0.0,1.0,0.0,0.0,4.0,0.0,0.0,0.0,1.0,1.0,0.0,0.0,0.0,0.0,0.0,0.0,0.0,0.0,0.0,0.0,0.0,0.0,0.0,0.0,0.0,0.0,0.0,0.0,0.0,0.0,0.0,0.0,0.0,0.0,0.0,0.0,0.0,0.0,0.0,0.0,0.0,0.0,0.0,0.0,0.0,0.0,0.0,0.0,0.0,0.0
Bhandup,0.0,78,77,2.0,11.0,3.0,1.0,30,1.0,4.0,0.0,3.0,1.0,0.0,4.0,8.0,5.0,4.0,0.0,25.0,4.0,0.0,0.0,1.0,0.0,19.0,0.0,2.0,0.0,1.0,1.0,1.0,0.0,16.0,0.0,0.0,0.0,0.0,10.0,1.0,1.0,0.0,0.0,0.0,0.0,0.0,10.0,0.0,0.0,0.0,0.0,5.0,0.0,0.0,1.0,0.0,0.0,2.0,0.0,0.0,0.0,0.0,1.0,0.0,0.0,0.0,0.0,0.0,0.0,0.0,0.0,0.0,0.0,0.0,0.0,1.0,0.0,0.0,0.0,0.0,0.0,0.0,0.0,0.0,0.0,0.0,0.0,0.0,0.0,0.0,0.0,0.0,0.0,0.0,0.0,0.0,0.0,0.0,0.0,0.0,0.0,0.0,0.0,0.0,0.0,0.0,0.0,0.0,0.0,0.0,0.0,0.0,0.0,0.0,0.0
Malad,0.0,175,192,3.0,23.0,32.0,5.0,100,10.0,52.0,3.0,7.0,33.0,2.0,18.0,30.0,14.0,7.0,7.0,26.0,24.0,12.0,0.0,1.0,1.0,40.0,9.0,2.0,2.0,3.0,14.0,5.0,0.0,51.0,0.0,1.0,0.0,4.0,33.0,8.0,1.0,0.0,1.0,0.0,3.0,7.0,5.0,1.0,1.0,0.0,0.0,1.0,0.0,2.0,4.0,2.0,2.0,0.0,2.0,0.0,0.0,0.0,0.0,2.0,2.0,0.0,1.0,0.0,0.0,0.0,1.0,0.0,0.0,1.0,0.0,2.0,0.0,0.0,2.0,1.0,0.0,3.0,1.0,0.0,1.0,0.0,0.0,0.0,1.0,0.0,1.0,0.0,0.0,0.0,0.0,0.0,0.0,0.0,1.0,1.0,0.0,0.0,0.0,0.0,0.0,0.0,0.0,0.0,0.0,0.0,0.0,0.0,0.0,0.0,0.0
Goregaon,0.0,160,167,4.0,29.0,18.0,4.0,95,1.0,34.0,2.0,7.0,20.0,1.0,16.0,23.0,21.0,7.0,10.0,40.0,17.0,8.0,0.0,0.0,2.0,29.0,9.0,9.0,6.0,7.0,12.0,8.0,0.0,40.0,0.0,0.0,1.0,4.0,26.0,9.0,2.0,0.0,0.0,0.0,0.0,5.0,14.0,0.0,1.0,0.0,1.0,10.0,0.0,1.0,0.0,1.0,6.0,1.0,1.0,0.0,0.0,0.0,0.0,0.0,0.0,1.0,0.0,0.0,0.0,0.0,0.0,0.0,1.0,0.0,0.0,0.0,0.0,0.0,0.0,0.0,0.0,1.0,0.0,0.0,0.0,1.0,0.0,0.0,0.0,0.0,0.0,0.0,0.0,0.0,0.0,0.0,0.0,1.0,0.0,0.0,0.0,0.0,0.0,0.0,0.0,0.0,0.0,0.0,0.0,0.0,0.0,0.0,0.0,0.0,0.0
Vile Parle,0.0,61,54,1.0,10.0,10.0,4.0,53,7.0,25.0,0.0,1.0,16.0,0.0,7.0,17.0,2.0,11.0,6.0,12.0,12.0,8.0,0.0,0.0,0.0,6.0,0.0,3.0,2.0,8.0,10.0,8.0,0.0,26.0,0.0,0.0,0.0,1.0,18.0,7.0,0.0,0.0,0.0,0.0,1.0,5.0,3.0,0.0,3.0,0.0,0.0,7.0,0.0,0.0,0.0,0.0,1.0,0.0,0.0,0.0,0.0,0.0,0.0,0.0,0.0,0.0,0.0,0.0,0.0,0.0,0.0,0.0,0.0,0.0,0.0,1.0,1.0,0.0,0.0,2.0,0.0,0.0,0.0,0.0,0.0,0.0,0.0,0.0,0.0,0.0,0.0,0.0,0.0,0.0,0.0,0.0,0.0,0.0,0.0,0.0,0.0,0.0,0.0,0.0,0.0,0.0,0.0,0.0,0.0,0.0,0.0,0.0,0.0,0.0,0.0
CBD Belapur,0.0,77,65,0.0,8.0,15.0,0.0,29,0.0,3.0,0.0,3.0,10.0,0.0,4.0,10.0,2.0,3.0,1.0,20.0,3.0,1.0,1.0,1.0,1.0,16.0,1.0,1.0,1.0,0.0,1.0,1.0,0.0,14.0,0.0,0.0,0.0,1.0,8.0,1.0,3.0,0.0,0.0,0.0,0.0,2.0,8.0,0.0,0.0,0.0,0.0,7.0,0.0,0.0,0.0,0.0,1.0,1.0,0.0,0.0,0.0,0.0,1.0,0.0,2.0,1.0,0.0,0.0,1.0,0.0,0.0,0.0,0.0,1.0,0.0,0.0,0.0,0.0,1.0,0.0,0.0,1.0,0.0,0.0,0.0,0.0,0.0,0.0,0.0,0.0,0.0,0.0,0.0,0.0,0.0,0.0,0.0,0.0,0.0,0.0,0.0,1.0,0.0,0.0,0.0,0.0,0.0,0.0,0.0,0.0,0.0,0.0,0.0,0.0,0.0
Vasai,0.0,106,119,1.0,6.0,12.0,2.0,59,3.0,15.0,0.0,2.0,15.0,0.0,8.0,11.0,10.0,6.0,2.0,21.0,13.0,3.0,0.0,0.0,0.0,23.0,1.0,1.0,1.0,2.0,8.0,2.0,0.0,29.0,0.0,0.0,0.0,1.0,9.0,2.0,0.0,0.0,0.0,0.0,0.0,6.0,4.0,0.0,0.0,1.0,0.0,6.0,0.0,1.0,1.0,0.0,2.0,0.0,0.0,0.0,0.0,0.0,0.0,1.0,0.0,1.0,0.0,0.0,0.0,0.0,0.0,0.0,0.0,0.0,0.0,0.0,0.0,0.0,0.0,0.0,0.0,0.0,0.0,0.0,0.0,0.0,0.0,0.0,0.0,0.0,0.0,0.0,0.0,1.0,0.0,0.0,0.0,0.0,0.0,0.0,0.0,0.0,0.0,0.0,1.0,0.0,0.0,0.0,0.0,0.0,0.0,0.0,0.0,0.0,0.0
Santacruz,0.0,70,83,2.0,8.0,4.0,1.0,40,3.0,25.0,0.0,5.0,4.0,0.0,4.0,17.0,5.0,1.0,5.0,24.0,18.0,5.0,0.0,0.0,2.0,30.0,1.0,4.0,3.0,5.0,2.0,5.0,0.0,19.0,0.0,0.0,0.0,1.0,13.0,2.0,0.0,0.0,0.0,0.0,0.0,5.0,1.0,0.0,0.0,0.0,1.0,1.0,0.0,1.0,0.0,0.0,1.0,0.0,0.0,0.0,0.0,0.0,0.0,0.0,0.0,0.0,2.0,0.0,0.0,0.0,1.0,0.0,1.0,0.0,0.0,1.0,0.0,0.0,1.0,0.0,0.0,2.0,0.0,0.0,0.0,0.0,0.0,0.0,0.0,0.0,0.0,0.0,0.0,0.0,0.0,0.0,0.0,0.0,0.0,1.0,0.0,0.0,0.0,0.0,0.0,0.0,0.0,0.0,0.0,0.0,0.0,0.0,0.0,0.0,0.0
Mulund,0.0,119,130,1.0,16.0,16.0,3.0,65,7.0,35.0,1.0,2.0,17.0,0.0,11.0,31.0,6.0,15.0,2.0,29.0,19.0,3.0,0.0,0.0,1.0,24.0,2.0,1.0,2.0,6.0,9.0,8.0,0.0,41.0,0.0,0.0,2.0,2.0,21.0,3.0,2.0,0.0,0.0,0.0,1.0,5.0,10.0,0.0,0.0,0.0,0.0,4.0,0.0,1.0,0.0,0.0,0.0,0.0,0.0,0.0,0.0,0.0,0.0,0.0,0.0,0.0,0.0,0.0,0.0,0.0,0.0,0.0,1.0,0.0,0.0,3.0,0.0,0.0,1.0,0.0,0.0,0.0,0.0,0.0,0.0,0.0,0.0,0.0,1.0,0.0,0.0,0.0,0.0,0.0,0.0,0.0,0.0,0.0,1.0,0.0,0.0,0.0,0.0,0.0,0.0,0.0,0.0,0.0,0.0,0.0,0.0,0.0,0.0,0.0,0.0
Airoli,0.0,72,77,2.0,10.0,6.0,2.0,35,3.0,17.0,2.0,4.0,8.0,0.0,8.0,9.0,3.0,3.0,1.0,13.0,12.0,3.0,0.0,0.0,0.0,19.0,2.0,2.0,0.0,1.0,3.0,1.0,0.0,17.0,0.0,0.0,0.0,2.0,6.0,1.0,0.0,0.0,0.0,0.0,1.0,0.0,8.0,0.0,0.0,0.0,0.0,6.0,0.0,0.0,0.0,0.0,2.0,0.0,0.0,0.0,0.0,0.0,2.0,0.0,0.0,1.0,1.0,0.0,0.0,0.0,0.0,1.0,0.0,0.0,0.0,0.0,0.0,0.0,0.0,0.0,0.0,2.0,0.0,0.0,0.0,0.0,0.0,0.0,0.0,0.0,1.0,0.0,0.0,0.0,0.0,0.0,0.0,0.0,0.0,0.0,0.0,0.0,0.0,0.0,0.0,0.0,0.0,0.0,0.0,1.0,0.0,0.0,0.0,0.0,0.0
Mira Road,0.0,177,228,2.0,27.0,19.0,2.0,120,5.0,36.0,1.0,1.0,21.0,5.0,22.0,25.0,14.0,6.0,4.0,23.0,22.0,14.0,0.0,1.0,0.0,44.0,3.0,6.0,4.0,7.0,9.0,7.0,0.0,30.0,0.0,2.0,1.0,5.0,20.0,6.0,6.0,0.0,0.0,0.0,1.0,5.0,8.0,0.0,0.0,0.0,0.0,9.0,0.0,1.0,1.0,0.0,3.0,1.0,1.0,1.0,0.0,1.0,0.0,0.0,0.0,0.0,0.0,0.0,1.0,0.0,0.0,0.0,0.0,0.0,1.0,1.0,0.0,0.0,2.0,0.0,0.0,3.0,0.0,0.0,0.0,0.0,0.0,0.0,0.0,0.0,0.0,0.0,0.0,0.0,0.0,0.0,0.0,0.0,0.0,0.0,0.0,0.0,0.0,0.0,1.0,0.0,0.0,0.0,0.0,0.0,2.0,1.0,0.0,0.0,0.0
Jogeshwari,0.0,50,55,1.0,10.0,2.0,0.0,21,0.0,13.0,0.0,0.0,2.0,0.0,5.0,10.0,0.0,1.0,0.0,7.0,6.0,3.0,0.0,0.0,0.0,22.0,1.0,1.0,0.0,0.0,4.0,1.0,0.0,5.0,0.0,0.0,0.0,0.0,5.0,1.0,0.0,0.0,0.0,0.0,0.0,9.0,0.0,0.0,0.0,0.0,0.0,1.0,0.0,0.0,0.0,0.0,0.0,0.0,0.0,0.0,0.0,0.0,0.0,0.0,0.0,0.0,0.0,0.0,3.0,0.0,0.0,0.0,0.0,0.0,0.0,1.0,0.0,0.0,2.0,0.0,0.0,0.0,0.0,0.0,0.0,0.0,0.0,0.0,0.0,0.0,0.0,0.0,0.0,0.0,0.0,0.0,0.0,0.0,0.0,0.0,0.0,0.0,0.0,0.0,0.0,0.0,0.0,0.0,0.0,0.0,0.0,0.0,0.0,0.0,0.0
Ghatkopar,0.0,95,98,2.0,8.0,16.0,4.0,41,10.0,39.0,0.0,3.0,19.0,0.0,8.0,23.0,0.0,5.0,3.0,15.0,17.0,6.0,0.0,0.0,0.0,17.0,1.0,5.0,0.0,8.0,8.0,2.0,0.0,36.0,0.0,0.0,0.0,1.0,27.0,7.0,0.0,0.0,0.0,0.0,1.0,2.0,4.0,0.0,0.0,0.0,0.0,3.0,1.0,0.0,0.0,0.0,0.0,0.0,0.0,0.0,0.0,0.0,0.0,0.0,0.0,0.0,0.0,0.0,0.0,0.0,0.0,0.0,0.0,0.0,0.0,2.0,0.0,0.0,1.0,0.0,0.0,0.0,0.0,0.0,0.0,0.0,0.0,0.0,0.0,0.0,0.0,0.0,0.0,0.0,0.0,0.0,0.0,0.0,0.0,0.0,0.0,0.0,0.0,1.0,0.0,0.0,0.0,0.0,0.0,0.0,0.0,0.0,2.0,0.0,0.0
Byculla,0.0,29,38,0.0,5.0,2.0,1.0,21,0.0,11.0,0.0,2.0,2.0,1.0,4.0,7.0,2.0,0.0,1.0,13.0,11.0,2.0,0.0,0.0,0.0,21.0,0.0,6.0,1.0,0.0,3.0,1.0,0.0,7.0,1.0,1.0,0.0,0.0,5.0,6.0,0.0,0.0,0.0,0.0,0.0,1.0,0.0,0.0,0.0,0.0,0.0,0.0,0.0,0.0,2.0,0.0,0.0,0.0,0.0,0.0,0.0,0.0,0.0,2.0,0.0,0.0,0.0,0.0,0.0,0.0,0.0,0.0,0.0,0.0,0.0,0.0,0.0,0.0,0.0,0.0,0.0,0.0,0.0,0.0,0.0,0.0,0.0,0.0,1.0,0.0,0.0,0.0,0.0,0.0,0.0,0.0,0.0,0.0,0.0,0.0,0.0,0.0,0.0,0.0,0.0,0.0,0.0,0.0,0.0,0.0,0.0,0.0,0.0,0.0,0.0
Kalyan,0.0,123,139,3.0,18.0,8.0,1.0,65,4.0,15.0,0.0,5.0,19.0,0.0,13.0,16.0,0.0,10.0,1.0,23.0,7.0,4.0,0.0,0.0,0.0,22.0,3.0,0.0,0.0,3.0,5.0,5.0,0.0,28.0,0.0,0.0,1.0,4.0,12.0,2.0,0.0,0.0,0.0,0.0,1.0,1.0,12.0,0.0,0.0,0.0,0.0,4.0,0.0,1.0,0.0,0.0,1.0,0.0,0.0,0.0,0.0,1.0,0.0,0.0,0.0,0.0,2.0,0.0,0.0,0.0,0.0,0.0,0.0,0.0,0.0,0.0,0.0,0.0,0.0,0.0,0.0,0.0,0.0,0.0,0.0,0.0,0.0,0.0,0.0,0.0,0.0,0.0,0.0,0.0,0.0,0.0,0.0,0.0,0.0,0.0,0.0,0.0,0.0,0.0,0.0,0.0,0.0,0.0,0.0,0.0,0.0,0.0,0.0,0.0,0.0
Bhayandar,0.0,42,66,1.0,2.0,2.0,0.0,37,1.0,6.0,0.0,0.0,5.0,0.0,11.0,9.0,2.0,1.0,0.0,15.0,3.0,3.0,0.0,0.0,0.0,12.0,0.0,1.0,0.0,3.0,3.0,6.0,0.0,12.0,0.0,0.0,0.0,0.0,6.0,1.0,0.0,0.0,0.0,0.0,0.0,1.0,2.0,0.0,0.0,0.0,0.0,1.0,0.0,0.0,0.0,0.0,1.0,0.0,0.0,0.0,1.0,0.0,0.0,0.0,0.0,0.0,0.0,0.0,0.0,0.0,0.0,0.0,0.0,0.0,0.0,2.0,0.0,0.0,0.0,0.0,0.0,0.0,0.0,0.0,0.0,0.0,0.0,0.0,0.0,0.0,0.0,0.0,0.0,0.0,0.0,0.0,0.0,0.0,0.0,0.0,0.0,0.0,0.0,0.0,0.0,0.0,0.0,0.0,0.0,0.0,0.0,0.0,0.0,0.0,0.0
Sakinaka,0.0,44,39,0.0,1.0,8.0,3.0,18,2.0,5.0,1.0,2.0,4.0,1.0,4.0,4.0,2.0,1.0,1.0,5.0,3.0,4.0,0.0,0.0,0.0,14.0,0.0,0.0,1.0,2.0,0.0,0.0,0.0,16.0,0.0,0.0,0.0,0.0,1.0,0.0,0.0,0.0,0.0,0.0,0.0,2.0,0.0,0.0,0.0,0.0,0.0,0.0,0.0,0.0,0.0,0.0,0.0,0.0,0.0,0.0,0.0,0.0,0.0,0.0,0.0,0.0,0.0,0.0,0.0,0.0,0.0,0.0,1.0,0.0,0.0,0.0,0.0,0.0,0.0,0.0,0.0,1.0,0.0,0.0,0.0,0.0,0.0,0.0,0.0,0.0,0.0,0.0,0.0,0.0,0.0,0.0,0.0,0.0,0.0,0.0,0.0,0.0,0.0,0.0,0.0,0.0,0.0,0.0,0.0,0.0,0.0,0.0,0.0,0.0,0.0
Kharghar,0.0,124,128,5.0,17.0,21.0,7.0,62,8.0,27.0,1.0,4.0,26.0,0.0,16.0,24.0,9.0,11.0,5.0,21.0,21.0,10.0,0.0,0.0,0.0,36.0,6.0,2.0,7.0,7.0,6.0,13.0,0.0,30.0,0.0,0.0,0.0,8.0,12.0,2.0,0.0,0.0,0.0,0.0,1.0,6.0,9.0,0.0,0.0,0.0,0.0,11.0,0.0,2.0,2.0,0.0,1.0,0.0,0.0,1.0,0.0,1.0,1.0,0.0,1.0,0.0,1.0,0.0,1.0,0.0,0.0,0.0,1.0,0.0,0.0,0.0,0.0,0.0,1.0,0.0,0.0,3.0,0.0,1.0,0.0,0.0,0.0,0.0,0.0,0.0,0.0,0.0,0.0,0.0,1.0,0.0,0.0,0.0,2.0,0.0,0.0,0.0,0.0,0.0,0.0,0.0,0.0,0.0,0.0,0.0,0.0,0.0,0.0,0.0,0.0
Matunga,0.0,17,19,1.0,0.0,2.0,0.0,24,1.0,18.0,0.0,0.0,2.0,0.0,1.0,8.0,0.0,1.0,1.0,5.0,9.0,1.0,0.0,0.0,0.0,4.0,0.0,1.0,1.0,3.0,4.0,0.0,0.0,15.0,0.0,0.0,0.0,0.0,8.0,0.0,0.0,0.0,0.0,0.0,0.0,0.0,1.0,0.0,0.0,0.0,0.0,0.0,0.0,0.0,0.0,0.0,0.0,0.0,0.0,0.0,0.0,0.0,0.0,0.0,0.0,0.0,0.0,0.0,0.0,0.0,0.0,0.0,0.0,0.0,0.0,1.0,0.0,0.0,0.0,0.0,0.0,0.0,0.0,0.0,0.0,0.0,0.0,0.0,0.0,0.0,0.0,0.0,0.0,0.0,0.0,0.0,0.0,0.0,0.0,0.0,0.0,0.0,0.0,0.0,0.0,0.0,0.0,0.0,0.0,0.0,0.0,0.0,2.0,0.0,0.0
Ulhasnagar,0.0,29,26,1.0,3.0,4.0,0.0,20,0.0,5.0,0.0,0.0,1.0,0.0,1.0,2.0,1.0,3.0,1.0,4.0,2.0,1.0,0.0,0.0,0.0,6.0,1.0,0.0,0.0,1.0,2.0,0.0,0.0,6.0,0.0,0.0,0.0,1.0,6.0,3.0,0.0,0.0,0.0,0.0,0.0,0.0,2.0,0.0,0.0,0.0,0.0,1.0,0.0,0.0,0.0,0.0,0.0,0.0,0.0,0.0,0.0,0.0,0.0,0.0,0.0,0.0,0.0,0.0,0.0,0.0,0.0,0.0,0.0,0.0,0.0,0.0,0.0,0.0,0.0,0.0,0.0,0.0,0.0,0.0,0.0,0.0,0.0,0.0,0.0,0.0,0.0,0.0,0.0,0.0,0.0,0.0,0.0,0.0,0.0,0.0,0.0,0.0,0.0,0.0,0.0,0.0,0.0,0.0,0.0,0.0,0.0,0.0,0.0,0.0,0.0
Seawoods,0.0,25,27,0.0,4.0,5.0,1.0,15,1.0,6.0,0.0,0.0,3.0,1.0,2.0,7.0,0.0,1.0,1.0,11.0,4.0,0.0,0.0,0.0,0.0,8.0,2.0,2.0,1.0,0.0,1.0,1.0,0.0,4.0,0.0,0.0,0.0,0.0,4.0,1.0,0.0,0.0,0.0,0.0,0.0,3.0,3.0,0.0,0.0,0.0,0.0,0.0,0.0,0.0,0.0,0.0,0.0,0.0,0.0,0.0,0.0,0.0,0.0,0.0,0.0,0.0,1.0,0.0,0.0,0.0,0.0,0.0,0.0,0.0,0.0,0.0,0.0,0.0,0.0,0.0,0.0,0.0,0.0,0.0,0.0,0.0,0.0,0.0,0.0,0.0,0.0,0.0,0.0,0.0,0.0,0.0,0.0,0.0,0.0,0.0,0.0,0.0,0.0,0.0,0.0,0.0,0.0,0.0,0.0,0.0,0.0,0.0,0.0,0.0,0.0
Kurla,0.0,55,57,1.0,4.0,3.0,2.0,23,0.0,12.0,0.0,2.0,3.0,0.0,2.0,7.0,1.0,4.0,0.0,20.0,5.0,2.0,0.0,0.0,0.0,31.0,4.0,3.0,1.0,2.0,0.0,2.0,0.0,9.0,0.0,0.0,0.0,2.0,10.0,1.0,0.0,0.0,0.0,0.0,0.0,2.0,2.0,0.0,0.0,0.0,0.0,1.0,0.0,1.0,2.0,0.0,0.0,0.0,0.0,1.0,0.0,0.0,1.0,2.0,0.0,0.0,0.0,0.0,2.0,0.0,1.0,0.0,1.0,0.0,0.0,0.0,0.0,0.0,1.0,0.0,0.0,0.0,0.0,0.0,0.0,0.0,0.0,0.0,1.0,0.0,0.0,0.0,0.0,0.0,0.0,0.0,0.0,0.0,1.0,0.0,0.0,0.0,0.0,0.0,0.0,0.0,0.0,0.0,0.0,0.0,0.0,0.0,0.0,0.0,0.0
Panvel,0.0,77,91,2.0,3.0,3.0,2.0,32,3.0,7.0,0.0,0.0,4.0,0.0,6.0,6.0,2.0,5.0,1.0,20.0,8.0,2.0,0.0,1.0,0.0,10.0,1.0,0.0,1.0,0.0,2.0,1.0,0.0,21.0,0.0,0.0,0.0,1.0,5.0,0.0,1.0,0.0,0.0,0.0,0.0,0.0,7.0,0.0,0.0,0.0,0.0,6.0,0.0,0.0,0.0,0.0,2.0,0.0,0.0,0.0,0.0,0.0,1.0,0.0,0.0,0.0,1.0,0.0,0.0,0.0,0.0,0.0,0.0,0.0,0.0,0.0,0.0,0.0,0.0,0.0,0.0,0.0,0.0,0.0,0.0,0.0,0.0,0.0,0.0,0.0,0.0,0.0,0.0,0.0,0.0,0.0,0.0,0.0,0.0,0.0,0.0,0.0,0.0,0.0,0.0,0.0,0.0,0.0,0.0,0.0,0.0,0.0,0.0,0.0,0.0
Sion,0.0,54,53,0.0,0.0,1.0,0.0,23,1.0,5.0,0.0,1.0,3.0,0.0,1.0,6.0,1.0,2.0,1.0,19.0,6.0,0.0,0.0,0.0,0.0,13.0,1.0,3.0,2.0,1.0,1.0,2.0,0.0,17.0,0.0,0.0,0.0,0.0,6.0,1.0,1.0,0.0,0.0,0.0,0.0,3.0,2.0,0.0,0.0,0.0,0.0,0.0,0.0,0.0,0.0,0.0,0.0,0.0,0.0,0.0,0.0,0.0,0.0,0.0,1.0,0.0,0.0,0.0,1.0,0.0,0.0,0.0,0.0,0.0,0.0,0.0,0.0,0.0,0.0,0.0,0.0,0.0,0.0,0.0,0.0,0.0,0.0,0.0,0.0,0.0,0.0,0.0,0.0,0.0,0.0,0.0,0.0,0.0,0.0,0.0,0.0,0.0,0.0,0.0,0.0,0.0,0.0,0.0,0.0,0.0,0.0,0.0,0.0,0.0,0.0
Mazgaon,0.0,11,12,1.0,2.0,1.0,0.0,13,0.0,6.0,0.0,0.0,1.0,0.0,2.0,5.0,0.0,1.0,2.0,1.0,2.0,1.0,0.0,0.0,0.0,7.0,1.0,2.0,1.0,1.0,1.0,1.0,0.0,1.0,0.0,0.0,0.0,0.0,4.0,1.0,0.0,0.0,0.0,0.0,0.0,3.0,0.0,0.0,0.0,0.0,0.0,0.0,0.0,0.0,0.0,0.0,0.0,0.0,0.0,0.0,0.0,0.0,0.0,0.0,0.0,0.0,0.0,0.0,1.0,0.0,0.0,0.0,0.0,0.0,0.0,0.0,0.0,0.0,0.0,0.0,0.0,0.0,0.0,0.0,0.0,0.0,0.0,0.0,0.0,0.0,0.0,0.0,0.0,0.0,0.0,0.0,0.0,0.0,0.0,0.0,0.0,0.0,0.0,0.0,0.0,0.0,0.0,0.0,0.0,0.0,0.0,0.0,0.0,0.0,0.0
Prabhadevi,0.0,15,19,1.0,1.0,2.0,0.0,9,2.0,0.0,1.0,4.0,1.0,0.0,3.0,6.0,2.0,0.0,2.0,8.0,1.0,2.0,0.0,0.0,0.0,3.0,0.0,0.0,4.0,0.0,0.0,2.0,0.0,4.0,0.0,0.0,0.0,0.0,6.0,1.0,1.0,0.0,0.0,0.0,0.0,0.0,2.0,0.0,1.0,0.0,0.0,2.0,0.0,0.0,0.0,0.0,1.0,0.0,0.0,0.0,0.0,0.0,0.0,0.0,0.0,0.0,0.0,0.0,0.0,0.0,0.0,0.0,0.0,0.0,0.0,0.0,0.0,0.0,0.0,0.0,0.0,0.0,0.0,0.0,0.0,0.0,0.0,0.0,0.0,0.0,0.0,0.0,0.0,0.0,0.0,0.0,0.0,0.0,0.0,0.0,0.0,0.0,0.0,0.0,0.0,0.0,0.0,0.0,0.0,0.0,0.0,0.0,0.0,0.0,0.0
Sanpada,0.0,30,31,1.0,3.0,4.0,0.0,11,3.0,1.0,0.0,1.0,1.0,0.0,3.0,4.0,2.0,1.0,0.0,7.0,4.0,2.0,0.0,0.0,0.0,7.0,0.0,2.0,0.0,0.0,1.0,2.0,0.0,7.0,0.0,0.0,0.0,0.0,3.0,2.0,0.0,0.0,0.0,0.0,0.0,2.0,5.0,0.0,0.0,0.0,1.0,2.0,0.0,0.0,0.0,0.0,0.0,0.0,0.0,0.0,0.0,0.0,0.0,0.0,0.0,0.0,0.0,0.0,0.0,0.0,0.0,0.0,0.0,0.0,0.0,0.0,0.0,0.0,0.0,0.0,0.0,1.0,0.0,0.0,0.0,0.0,0.0,0.0,0.0,0.0,0.0,0.0,0.0,0.0,0.0,0.0,0.0,0.0,0.0,0.0,0.0,0.0,0.0,0.0,0.0,0.0,0.0,0.0,0.0,0.0,0.0,0.0,0.0,0.0,0.0
Ghansoli,0.0,34,30,0.0,3.0,1.0,0.0,10,0.0,3.0,0.0,0.0,0.0,0.0,1.0,1.0,1.0,0.0,1.0,4.0,2.0,0.0,0.0,0.0,0.0,3.0,1.0,0.0,0.0,1.0,2.0,0.0,0.0,5.0,0.0,0.0,0.0,3.0,0.0,0.0,1.0,0.0,0.0,0.0,0.0,0.0,0.0,0.0,0.0,0.0,0.0,0.0,0.0,0.0,0.0,0.0,1.0,0.0,0.0,0.0,0.0,0.0,1.0,0.0,0.0,0.0,0.0,0.0,0.0,0.0,0.0,0.0,0.0,0.0,0.0,0.0,0.0,0.0,0.0,0.0,0.0,1.0,0.0,0.0,0.0,0.0,0.0,0.0,0.0,0.0,0.0,0.0,0.0,0.0,0.0,0.0,0.0,0.0,0.0,0.0,0.0,0.0,0.0,0.0,0.0,0.0,0.0,0.0,0.0,0.0,0.0,0.0,0.0,0.0,0.0
Virar,0.0,82,97,0.0,13.0,11.0,2.0,48,1.0,11.0,0.0,2.0,7.0,0.0,10.0,6.0,4.0,2.0,1.0,18.0,2.0,1.0,0.0,0.0,1.0,5.0,5.0,1.0,1.0,2.0,4.0,3.0,0.0,14.0,0.0,0.0,0.0,0.0,3.0,0.0,0.0,0.0,0.0,0.0,0.0,1.0,5.0,0.0,0.0,0.0,0.0,10.0,0.0,0.0,1.0,0.0,0.0,0.0,0.0,0.0,0.0,0.0,0.0,0.0,0.0,0.0,0.0,0.0,0.0,0.0,0.0,0.0,0.0,0.0,0.0,1.0,0.0,0.0,0.0,0.0,0.0,0.0,0.0,0.0,0.0,0.0,0.0,0.0,0.0,0.0,0.0,0.0,0.0,0.0,0.0,0.0,0.0,0.0,0.0,0.0,0.0,0.0,0.0,0.0,0.0,0.0,0.0,0.0,0.0,0.0,0.0,0.0,0.0,0.0,0.0
Marve,0.0,17,18,0.0,3.0,0.0,0.0,1,0.0,1.0,0.0,0.0,1.0,0.0,1.0,0.0,2.0,0.0,0.0,5.0,0.0,0.0,0.0,0.0,0.0,4.0,0.0,0.0,0.0,0.0,0.0,0.0,0.0,2.0,0.0,0.0,0.0,0.0,2.0,0.0,0.0,0.0,0.0,0.0,0.0,0.0,0.0,0.0,0.0,0.0,0.0,0.0,0.0,0.0,0.0,0.0,0.0,0.0,0.0,0.0,0.0,0.0,0.0,0.0,1.0,0.0,0.0,0.0,0.0,0.0,0.0,0.0,0.0,0.0,0.0,0.0,0.0,0.0,0.0,0.0,0.0,0.0,0.0,0.0,0.0,0.0,0.0,0.0,0.0,0.0,0.0,0.0,0.0,0.0,0.0,0.0,0.0,0.0,0.0,0.0,0.0,0.0,0.0,0.0,0.0,0.0,0.0,0.0,0.0,0.0,0.0,0.0,0.0,0.0,0.0
Kamothe,0.0,44,49,0.0,11.0,0.0,1.0,12,0.0,7.0,0.0,0.0,2.0,0.0,2.0,0.0,0.0,2.0,0.0,13.0,5.0,2.0,0.0,0.0,0.0,7.0,1.0,1.0,0.0,1.0,2.0,0.0,0.0,8.0,0.0,0.0,0.0,2.0,5.0,2.0,0.0,0.0,0.0,0.0,0.0,1.0,7.0,0.0,0.0,0.0,0.0,11.0,0.0,0.0,0.0,0.0,0.0,0.0,0.0,0.0,0.0,0.0,1.0,0.0,0.0,0.0,2.0,0.0,1.0,0.0,0.0,0.0,0.0,0.0,0.0,1.0,0.0,0.0,0.0,0.0,0.0,0.0,0.0,0.0,0.0,0.0,0.0,0.0,1.0,0.0,0.0,0.0,0.0,0.0,0.0,0.0,0.0,0.0,0.0,0.0,0.0,0.0,0.0,0.0,0.0,0.0,0.0,0.0,0.0,0.0,0.0,0.0,0.0,0.0,0.0
Ulwe,0.0,5,4,0.0,0.0,0.0,0.0,2,0.0,1.0,0.0,0.0,0.0,0.0,0.0,1.0,0.0,0.0,0.0,1.0,0.0,0.0,0.0,0.0,0.0,0.0,0.0,0.0,0.0,0.0,0.0,0.0,0.0,0.0,0.0,0.0,0.0,0.0,0.0,0.0,0.0,0.0,0.0,0.0,0.0,0.0,1.0,0.0,0.0,0.0,0.0,1.0,0.0,0.0,0.0,0.0,0.0,0.0,0.0,0.0,0.0,0.0,0.0,0.0,0.0,0.0,0.0,0.0,0.0,0.0,0.0,0.0,0.0,0.0,0.0,0.0,0.0,0.0,0.0,0.0,0.0,0.0,0.0,0.0,0.0,0.0,0.0,0.0,0.0,0.0,0.0,0.0,0.0,0.0,0.0,0.0,0.0,0.0,0.0,0.0,0.0,0.0,0.0,0.0,0.0,0.0,0.0,0.0,0.0,0.0,0.0,0.0,0.0,0.0,0.0
Nalasopara,0.0,61,79,0.0,3.0,2.0,0.0,16,0.0,4.0,0.0,0.0,1.0,0.0,5.0,4.0,1.0,0.0,0.0,15.0,4.0,1.0,0.0,0.0,0.0,18.0,0.0,1.0,0.0,0.0,0.0,0.0,0.0,14.0,0.0,0.0,0.0,0.0,5.0,0.0,0.0,0.0,0.0,0.0,0.0,1.0,3.0,0.0,0.0,0.0,0.0,0.0,0.0,0.0,0.0,0.0,0.0,0.0,0.0,0.0,0.0,0.0,0.0,0.0,1.0,0.0,0.0,0.0,0.0,0.0,0.0,0.0,0.0,0.0,0.0,0.0,0.0,0.0,0.0,0.0,0.0,0.0,0.0,0.0,0.0,0.0,0.0,0.0,0.0,0.0,0.0,0.0,0.0,0.0,0.0,0.0,0.0,0.0,0.0,0.0,0.0,0.0,0.0,0.0,0.0,0.0,0.0,0.0,0.0,0.0,0.0,0.0,0.0,0.0,0.0
Nerul,0.0,68,65,0.0,12.0,5.0,1.0,24,1.0,13.0,0.0,1.0,5.0,0.0,4.0,13.0,2.0,5.0,2.0,13.0,7.0,4.0,0.0,1.0,0.0,15.0,5.0,0.0,0.0,3.0,2.0,2.0,0.0,17.0,0.0,0.0,0.0,0.0,8.0,2.0,1.0,0.0,0.0,0.0,0.0,4.0,3.0,0.0,0.0,0.0,0.0,7.0,0.0,0.0,1.0,0.0,0.0,0.0,0.0,0.0,0.0,0.0,1.0,0.0,0.0,0.0,1.0,0.0,0.0,0.0,0.0,0.0,0.0,2.0,0.0,0.0,0.0,0.0,0.0,0.0,0.0,0.0,0.0,0.0,0.0,0.0,0.0,0.0,0.0,0.0,0.0,0.0,0.0,0.0,0.0,0.0,0.0,0.0,0.0,0.0,0.0,0.0,0.0,0.0,0.0,0.0,0.0,0.0,0.0,0.0,0.0,0.0,0.0,0.0,1.0
Vikhroli,0.0,43,44,0.0,4.0,1.0,0.0,15,0.0,6.0,0.0,1.0,2.0,0.0,4.0,2.0,1.0,1.0,0.0,5.0,7.0,1.0,0.0,0.0,0.0,14.0,2.0,2.0,0.0,0.0,3.0,1.0,0.0,11.0,0.0,0.0,0.0,0.0,3.0,0.0,0.0,0.0,0.0,0.0,1.0,1.0,7.0,0.0,0.0,0.0,0.0,1.0,0.0,0.0,0.0,0.0,0.0,0.0,0.0,0.0,0.0,0.0,0.0,0.0,1.0,0.0,0.0,0.0,0.0,0.0,0.0,0.0,0.0,0.0,0.0,0.0,0.0,0.0,0.0,0.0,0.0,0.0,0.0,0.0,0.0,0.0,0.0,0.0,0.0,0.0,0.0,0.0,0.0,0.0,0.0,0.0,0.0,0.0,0.0,0.0,0.0,0.0,0.0,0.0,0.0,0.0,0.0,0.0,0.0,0.0,0.0,0.0,0.0,0.0,0.0
Turbhe,0.0,6,6,0.0,1.0,0.0,2.0,2,0.0,1.0,0.0,0.0,0.0,0.0,0.0,1.0,0.0,0.0,0.0,0.0,0.0,0.0,0.0,0.0,0.0,2.0,0.0,0.0,0.0,0.0,0.0,0.0,0.0,1.0,0.0,0.0,0.0,0.0,0.0,0.0,0.0,0.0,0.0,0.0,0.0,0.0,0.0,0.0,0.0,0.0,0.0,0.0,0.0,0.0,0.0,0.0,0.0,0.0,0.0,0.0,0.0,0.0,0.0,0.0,0.0,0.0,0.0,0.0,0.0,0.0,0.0,0.0,0.0,0.0,0.0,0.0,0.0,0.0,0.0,0.0,0.0,0.0,0.0,0.0,0.0,0.0,0.0,0.0,0.0,0.0,0.0,0.0,0.0,0.0,0.0,0.0,0.0,0.0,0.0,0.0,0.0,0.0,0.0,0.0,0.0,0.0,0.0,0.0,0.0,0.0,0.0,0.0,0.0,0.0,0.0
Kalamboli,0.0,25,28,0.0,0.0,3.0,0.0,4,1.0,0.0,0.0,0.0,1.0,0.0,0.0,1.0,2.0,0.0,0.0,3.0,0.0,0.0,0.0,0.0,0.0,4.0,1.0,0.0,0.0,0.0,1.0,0.0,0.0,5.0,0.0,0.0,0.0,0.0,0.0,0.0,0.0,0.0,0.0,0.0,0.0,1.0,1.0,0.0,0.0,0.0,0.0,1.0,0.0,0.0,0.0,0.0,0.0,0.0,0.0,0.0,0.0,0.0,0.0,0.0,0.0,0.0,0.0,0.0,0.0,0.0,0.0,0.0,0.0,0.0,0.0,0.0,0.0,0.0,0.0,0.0,0.0,0.0,0.0,0.0,0.0,0.0,0.0,0.0,0.0,0.0,0.0,0.0,0.0,0.0,0.0,0.0,0.0,0.0,0.0,0.0,0.0,0.0,0.0,0.0,0.0,0.0,0.0,0.0,0.0,0.0,0.0,0.0,0.0,0.0,0.0
Wadala,0.0,20,19,0.0,2.0,0.0,0.0,10,0.0,7.0,0.0,0.0,2.0,0.0,1.0,1.0,2.0,0.0,0.0,5.0,7.0,0.0,0.0,0.0,0.0,4.0,0.0,0.0,0.0,0.0,0.0,0.0,0.0,5.0,0.0,0.0,0.0,0.0,4.0,2.0,0.0,0.0,0.0,0.0,0.0,0.0,0.0,0.0,0.0,0.0,0.0,1.0,0.0,0.0,0.0,0.0,0.0,0.0,0.0,0.0,0.0,0.0,0.0,0.0,0.0,0.0,0.0,0.0,0.0,0.0,0.0,0.0,0.0,0.0,0.0,0.0,0.0,0.0,0.0,0.0,0.0,1.0,0.0,0.0,0.0,0.0,0.0,0.0,0.0,0.0,0.0,0.0,0.0,0.0,0.0,0.0,0.0,0.0,0.0,0.0,0.0,0.0,0.0,0.0,0.0,0.0,0.0,0.0,0.0,0.0,0.0,0.0,0.0,0.0,0.0
Alibaug,0.0,2,3,0.0,2.0,1.0,2.0,1,1.0,1.0,0.0,1.0,3.0,0.0,0.0,0.0,0.0,2.0,0.0,4.0,1.0,0.0,0.0,0.0,0.0,0.0,0.0,0.0,0.0,0.0,0.0,0.0,0.0,0.0,0.0,0.0,0.0,0.0,0.0,0.0,0.0,0.0,0.0,0.0,0.0,0.0,2.0,0.0,0.0,0.0,0.0,2.0,0.0,0.0,0.0,0.0,0.0,0.0,0.0,0.0,0.0,0.0,0.0,0.0,0.0,0.0,0.0,0.0,0.0,0.0,0.0,0.0,0.0,0.0,0.0,0.0,0.0,0.0,0.0,0.0,0.0,0.0,0.0,0.0,0.0,0.0,0.0,0.0,0.0,0.0,0.0,0.0,0.0,0.0,0.0,0.0,0.0,0.0,0.0,0.0,0.0,0.0,0.0,0.0,0.0,0.0,0.0,0.0,0.0,0.0,0.0,0.0,0.0,0.0,0.0
Ambernath,0.0,16,16,0.0,0.0,2.0,0.0,9,0.0,1.0,0.0,0.0,0.0,0.0,1.0,1.0,1.0,1.0,0.0,1.0,1.0,0.0,0.0,0.0,0.0,5.0,2.0,2.0,0.0,0.0,1.0,0.0,0.0,4.0,0.0,0.0,0.0,0.0,2.0,0.0,0.0,0.0,0.0,0.0,0.0,0.0,1.0,0.0,0.0,0.0,0.0,0.0,0.0,0.0,0.0,0.0,0.0,0.0,0.0,0.0,0.0,0.0,0.0,0.0,0.0,0.0,0.0,0.0,0.0,0.0,0.0,0.0,0.0,0.0,0.0,0.0,0.0,0.0,0.0,0.0,0.0,0.0,0.0,0.0,0.0,0.0,0.0,0.0,0.0,0.0,0.0,0.0,0.0,0.0,0.0,0.0,0.0,0.0,0.0,0.0,0.0,0.0,0.0,0.0,0.0,0.0,0.0,0.0,0.0,0.0,0.0,0.0,0.0,0.0,0.0
Gorai,0.0,3,5,0.0,1.0,0.0,0.0,1,0.0,0.0,0.0,0.0,0.0,0.0,0.0,0.0,0.0,0.0,0.0,2.0,0.0,0.0,0.0,0.0,0.0,1.0,0.0,1.0,0.0,0.0,1.0,0.0,0.0,1.0,0.0,0.0,0.0,0.0,0.0,0.0,0.0,0.0,0.0,0.0,0.0,0.0,2.0,0.0,0.0,0.0,0.0,1.0,0.0,0.0,0.0,0.0,1.0,0.0,0.0,0.0,0.0,0.0,0.0,0.0,0.0,0.0,0.0,0.0,0.0,0.0,0.0,0.0,0.0,0.0,0.0,0.0,0.0,0.0,0.0,0.0,0.0,0.0,0.0,0.0,0.0,0.0,0.0,0.0,0.0,0.0,0.0,0.0,0.0,0.0,0.0,0.0,0.0,0.0,0.0,0.0,0.0,0.0,0.0,0.0,0.0,0.0,0.0,0.0,0.0,0.0,0.0,0.0,0.0,0.0,0.0
Sewri,0.0,7,9,0.0,1.0,0.0,0.0,1,0.0,0.0,0.0,0.0,0.0,0.0,0.0,3.0,0.0,0.0,0.0,2.0,2.0,0.0,0.0,0.0,0.0,2.0,0.0,0.0,0.0,0.0,0.0,0.0,0.0,3.0,0.0,0.0,0.0,0.0,1.0,1.0,0.0,0.0,0.0,0.0,0.0,0.0,0.0,0.0,0.0,0.0,0.0,1.0,0.0,0.0,0.0,0.0,0.0,0.0,0.0,0.0,0.0,0.0,0.0,0.0,0.0,0.0,0.0,0.0,0.0,0.0,0.0,0.0,0.0,0.0,0.0,0.0,0.0,0.0,0.0,0.0,0.0,0.0,0.0,0.0,0.0,0.0,0.0,0.0,0.0,0.0,0.0,0.0,0.0,0.0,0.0,0.0,0.0,0.0,0.0,0.0,0.0,0.0,0.0,0.0,0.0,0.0,0.0,0.0,0.0,0.0,0.0,0.0,0.0,0.0,0.0
